Cod_Papel;Data_Previsao;Previsao;Reg_Score_Total;Perc_Acertos;Perc_Acertos_Positivo;Rate;Preco_Min_Ant;Preco_Max_Ant;Preco_Ult_Ant;Preco_Min_Prev;Preco_Max_Prev;Preco_Ult_Prev;Perc_Ganho_Prev;Perc_Ganho_Pot;Esc
AALR3       ;2021-11-17;-0,24;0,03;0,68;0,58;0,0118;12,44;13,54;13,04;12,34;13,22;12,8;-1,84;1,38;1
ABCB4       ;2021-11-17;0,03;0,04;0,62;0,62;0,0154;15,93;16,56;16,01;15,73;16,34;16,040000000000006;0,19;2,06;1
ABEV3       ;2021-11-17;0,03;0,08;0,44;0,41;0,0144;17,44;17,69;17,51;17,380000000000006;17,73;17,540000000000006;0,17;1,26;1
AERI3       ;2021-11-17;-0,02;0,08;0,44;0,5;0,0176;8,07;8,55;8,46;8,24;8,620000000000001;8,440000000000001;-0,24;1,89;1
AESB3       ;2021-11-17;0,07;0,06;0,5;0,2;0,006;11,24;11,61;11,3;11,16;11,53;11,37;0,62;2,04;1
AGRO3       ;2021-11-17;-0,1;0,02;0,64;0,65;0,0083;25,61;26,7;25,7;25,12;26,09;25,6;-0,39;1,52;1
ALLD3       ;2021-11-17;0,47;0,08;0,47;0,5;0,0188;15,62;16,41;16,34;16,24;17,06;16,81;2,88;4,41;1
ALPA4       ;2021-11-17;0,31;0,02;0,52;0,47;0,0049;40,19;42,26;40,48;39,7;41,49;40,79;0,77;2,5;1
ALSO3       ;2021-11-17;0,19;0,04;0,57;0,57;0,013000000000000001;21,7;22,65;22,09;21,76;22,63;22,28;0,86;2,44;1
AMAR3       ;2021-11-17;-0,01;0,12;0,48;0,45;0,0259;4,49;4,98;4,5;4,25;4,69;4,49;-0,22;4,22;1
AMBP3       ;2021-11-17;0,74;0,04;0,56;0,5;0,0112;40,34;45,5;45,1;44,35;47,55;45,84;1,64;5,43;1
ANIM3       ;2021-11-17;-0,03;0,02;0,46;0,46;0,0042;7,01;7,74;7,11;6,72;7,34;7,08;-0,42;3,23;1
APER3       ;2021-11-17;-0,18;0,02;0,68;0,7;0,0095;31,62;34,21;32,06;30,9;33,03;31,880000000000006;-0,56;3,03;1
ARZZ3       ;2021-11-17;-0,03;0,06;0,48;0,45;0,013000000000000001;72,98;77,93;73,68;71,79;75,24000000000002;73,65;-0,04;2,12;1
ASAI3       ;2021-11-17;-0,04;0,06;0,5;0,25;0,0075;14,65;15,55;14,84;13,77;15,09;14,8;-0,27;1,68;1
AZEV4       ;2021-11-17;0,05;0,05;0,52;0,44;0,0114;3,54;3,98;3,76;3,66;4,03;3,81;1,33;7,18;1
AZUL4       ;2021-11-17;-0,06;0,12;0,46;0,4;0,0221;27,49;29,42;27,69;26,76;28,51;27,630000000000006;-0,22;2,96;1
B3SA3       ;2021-11-17;0,22;0,11;0,58;0,58;0,037000000000000005;12,67;13,39;12,75;12,56;13,22;12,97;1,73;3,69;1
BBAS3       ;2021-11-17;0,04;0,08;0,42;0,3;0,0101;29,53;30,45;29,73;29,34;30,32;29,77;0,13;1,98;1
BBDC3       ;2021-11-17;-0,03;0,07;0,54;0,62;0,0234;17,45;18,02;17,72;17,419999999999998;18,03;17,689999999999994;-0,17;1,75;1
BBDC4       ;2021-11-17;0,02;0,13;0,38;0,45;0,0222;20,38;20,99;20,66;20,36;21,07;20,68;0,1;1,98;1
BBRK3       ;2021-11-17;0,0;0,16;0,42;0,34;0,0228;1,36;1,48;1,38;1,33;1,44;1,38;0,0;4,35;1
BBSE3       ;2021-11-17;0,05;0,12;0,52;0,57;0,0356;22,85;23,26;23,16;22,99;23,55;23,21;0,22;1,68;1
BEEF3       ;2021-11-17;0,0;0,03;0,48;0,55;0,0079;8,92;9,39;8,97;8,74;9,15;8,97;0,0;2,01;1
BIDI3       ;2021-11-17;-0,57;0,1;0,59;0,57;0,0336;13,78;15,29;14,26;13,18;14,29;13,69;-4,0;0,21;1
BIDI4       ;2021-11-17;-0,78;0,09;0,54;0,52;0,0253;13,88;15,42;14,37;13,15;14,25;13,59;-5,43;-0,84;1
BKBR3       ;2021-11-17;0,02;0,06;0,52;0,52;0,0162;7,61;8,26;7,7;7,4;8,0;7,72;0,26;3,9;1
BLAU3       ;2021-11-17;0,17;0,03;0,27;0,22;0,0018;37,1;38,98;37,5;36,61;38,07;37,67;0,45;1,52;1
BMGB4       ;2021-11-17;0,0;0,05;0,54;0,38;0,0103;3,05;3,19;3,07;3,02;3,14;3,07;0,0;2,28;1
BMOB3       ;2021-11-17;0,03;0,05;0,56;0,42;0,0118;15,24;16,37;15,64;15,24;16,19;15,67;0,19;3,52;1
BOAS3       ;2021-11-17;-0,05;0,03;0,5;0,5;0,0075;7,56;8,08;7,56;7,38;7,78;7,51;-0,66;2,91;1
BPAN4       ;2021-11-17;0,0;0,02;0,52;0,48;0,005;11,91;13,19;11,97;11,57;12,35;11,97;0,0;3,17;1
BRAP3       ;2021-11-17;-0,12;0,03;0,46;0,5;0,0069;44,14;45,6;44,46;43,58;44,98;44,34;-0,27;1,17;1
BRAP4       ;2021-11-17;0,14;0,04;0,42;0,43;0,0072;47,0;48,22;47,25;46,65;47,98;47,39;0,3;1,54;1
BRDT3       ;2021-11-17;0,13;0,05;0,46;0,52;0,012;21,62;22,94;22,03;21,55;22,71;22,16;0,59;3,09;1
BRFS3       ;2021-11-17;0,01;0,03;0,54;0,74;0,012;22,52;23,27;22,63;22,31;23,04;22,64;0,04;1,81;1
BRKM5       ;2021-11-17;0,06;0,01;0,46;0,49;0,0023;48,15;50,0;48,2;47,32;49,33;48,26000000000001;0,12;2,34;1
BRML3       ;2021-11-17;0,03;0,08;0,38;0,25;0,0076;8,34;8,71;8,42;8,28;8,64;8,45;0,36;2,61;1
BRPR3       ;2021-11-17;-0,04;0,06;0,58;0,61;0,0212;7,38;7,82;7,49;7,26;7,6400000000000015;7,45;-0,53;2,0;1
BRSR6       ;2021-11-17;0,21;0,11;0,62;0,62;0,0423;10,38;10,8;10,38;10,42;10,77;10,590000000000002;2,02;3,76;1
BSEV3       ;2021-11-17;0,25;0,04;0,49;0,45;0,0088;7,4;9,0;9,0;8,71;9,77;9,25;2,78;8,56;1
BTOW3       ;2021-11-17;0,63;0,04;0,52;0,53;0,011000000000000001;65,59;69,46;68,0;66,98;70,32;68,63;0,93;3,41;1
CAML3       ;2021-11-17;0,01;0,02;0,7;0,64;0,009000000000000001;9,88;10,19;10,15;9,95;10,31;10,16;0,1;1,58;1
CARD3       ;2021-11-17;0,1;0,04;0,56;0,51;0,0114;15,26;16,3;15,51;15,11;15,98;15,61;0,64;3,03;1
CASH3       ;2021-11-17;-0,08;0,04;0,75;0,5;0,015;3,47;3,98;3,56;3,35;3,71;3,48;-2,25;4,21;1
CCPR3       ;2021-11-17;-0,02;0,08;0,34;0,29;0,0079;10,16;10,86;10,16;9,91;10,46;10,14;-0,2;2,95;1
CCRO3       ;2021-11-17;0,06;0,09;0,58;0,58;0,0303;11,71;12,02;11,9;11,78;12,11;11,96;0,5;1,76;1
CEAB3       ;2021-11-17;0,02;0,03;0,33;0,33;0,0033;7,3;7,83;7,4;7,17;7,66;7,42;0,27;3,51;1
CESP6       ;2021-11-17;0,09;0,09;0,5;0,42;0,0189;25,14;25,63;25,3;25,06;25,63;25,39;0,36;1,3;1
CIEL3       ;2021-11-17;0,01;0,11;0,42;0,36;0,0166;2,3;2,4;2,31;2,27;2,39;2,32;0,43;3,46;1
CMIG3       ;2021-11-17;0,06;0,08;0,4;0,42;0,0134;17,43;17,84;17,5;17,32;17,75;17,56;0,34;1,43;1
CMIG4       ;2021-11-17;-0,06;0,05;0,48;0,52;0,0125;13,68;14,07;13,7;13,44;13,85;13,64;-0,44;1,09;1
CMIN3       ;2021-11-17;0,02;0,04;0,38;0,3;0,0046;5,88;6,14;5,9;5,79;6,06;5,92;0,34;2,71;1
CNTO3       ;2021-11-17;0,07;0,15;0,48;0,33;0,0238;26,64;28,59;28,08;27,35;29,21;28,15;0,25;4,02;1
COCE5       ;2021-11-17;0,11;0,06;0,52;0,55;0,0172;48,3;50,37;49,0;47,96;50,1;49,11;0,22;2,24;1
COGN3       ;2021-11-17;0,04;0,06;0,55;0,45;0,0148;2,61;2,82;2,61;2,58;2,72;2,65;1,53;4,21;1
CPFE3       ;2021-11-17;0,02;0,03;0,46;0,57;0,0079;25,73;27,42;26,15;25,3;26,73;26,17;0,08;2,22;1
CPLE3       ;2021-11-17;0,03;0,01;0,44;0,41;0,0018;5,57;5,74;5,59;5,49;5,7;5,62;0,54;1,97;1
CPLE6       ;2021-11-17;0,07;0,06;0,48;0,43;0,0124;6,15;6,29;6,18;6,17;6,34;6,25;1,13;2,59;1
CRFB3       ;2021-11-17;0,21;0,04;0,44;0,44;0,0077;16,33;17,19;16,49;16,2;16,950000000000006;16,7;1,27;2,79;1
CRPG5       ;2021-11-17;-2,12;0,05;0,62;0,62;0,0192;73,85;81,99;73,85;69,03999999999999;75,16;71,72999999999998;-2,87;1,77;1
CSAN3       ;2021-11-17;0,46;0,02;0,46;0,38;0,0035;20,2;21,83;20,79;20,51;21,84;21,25;2,21;5,05;1
CSED3       ;2021-11-17;-0,05;0,03;0,62;0,4;0,0074;6,45;7,03;6,62;6,32;6,8;6,57;-0,76;2,72;1
CSMG3       ;2021-11-17;-0,05;0,02;0,4;0,29;0,0023;12,87;13,52;13,03;12,71;13,19;12,98;-0,38;1,23;1
CSNA3       ;2021-11-17;0,3;0,03;0,42;0,41;0,0052;21,09;22,56;21,11;20,8;21,83;21,41;1,42;3,41;1
CURY3       ;2021-11-17;0,14;0,09;0,56;0,6;0,0302;6,93;7,56;6,93;6,83;7,229999999999999;7,0699999999999985;2,02;4,33;1
CVCB3       ;2021-11-17;-0,02;0,04;0,44;0,24;0,0042;15,49;17,09;15,5;14,84;16,12;15,48;-0,13;4,0;1
CXSE3       ;2021-11-17;0,01;0,1;0,43;0,25;0,0108;9,23;9,75;9,73;9,49;9,94;9,74;0,1;2,16;1
CYRE3       ;2021-11-17;0,04;0,1;0,58;0,44;0,0255;14,96;16,1;14,98;14,420000000000002;15,52;15,02;0,27;3,6;1
DASA3       ;2021-11-17;0,25;0,03;0,63;0,2;0,0038;35,87;37,4;36,08;35,62;36,72;36,33;0,69;1,77;1
DEXP3       ;2021-11-17;1,27;0,06;0,55;0,4;0,0132;9,1;10,4;9,1;9,84;10,56;10,37;13,96;16,04;1
DIRR3       ;2021-11-17;0,05;0,02;0,56;0,54;0,006;10,05;10,83;10,11;9,78;10,38;10,16;0,49;2,67;1
DMMO3       ;2021-11-17;-0,02;0,39;0,42;0,39;0,0639;0,65;0,68;0,65;0,63;0,66;0,63;-3,08;1,54;1
DTEX3       ;2021-11-17;-0,03;0,05;0,77;0,76;0,0293;20,63;21,42;20,63;20,23;20,99;20,6;-0,15;1,75;1
ECOR3       ;2021-11-17;0,06;0,06;0,42;0,35;0,0088;8,65;8,99;8,73;8,6;8,98;8,790000000000001;0,69;2,86;1
EGIE3       ;2021-11-17;0,08;0,12;0,64;0,58;0,0445;39,13;39,9;39,36;38,99;39,83;39,44;0,2;1,19;1
ELET3       ;2021-11-17;-0,16;0,03;0,7;0,57;0,012;34,04;35,83;34,55;33,62;35,19;34,39;-0,46;1,85;1
ELET6       ;2021-11-17;0,08;0,04;0,42;0,29;0,0049;33,7;35,42;34,05;33,27;34,74;34,129999999999995;0,23;2,03;1
ELMD3       ;2021-11-17;-0,16;0,03;0,62;0,64;0,0119;12,7;14,18;12,8;12,239999999999998;13,21;12,64;-1,25;3,2;1
EMBR3       ;2021-11-17;-0,02;0,03;0,5;0,59;0,0088;21,42;23,29;21,5;20,73;22,16;21,48;-0,09;3,07;1
ENAT3       ;2021-11-17;-0,07;0,04;0,43;0,6;0,0103;13,22;14,01;13,33;12,92;13,65;13,26;-0,53;2,4;1
ENBR3       ;2021-11-17;-0,01;0,08;0,5;0,52;0,0208;20,71;21,18;20,79;20,52;20,97;20,78;-0,05;0,87;1
ENEV3       ;2021-11-17;0,07;0,05;0,54;0,54;0,0146;15,0;15,54;15,05;14,76;15,36;15,12;0,47;2,06;1
ENJU3       ;2021-11-17;-0,06;0,03;0,5;1,0;0,015;3,56;4,07;3,64;3,47;3,84;3,58;-1,65;5,49;1
EQTL3       ;2021-11-17;-0,03;0,07;0,53;0,63;0,0234;23,58;24,45;24,01;23,5;24,34;23,98;-0,12;1,37;1
ESPA3       ;2021-11-17;-0,23;0,06;0,5;0,17;0,0051;9,17;10,77;9,49;8,78;9,71;9,26;-2,42;2,32;1
EUCA4       ;2021-11-17;-0,04;0,03;0,5;0,39;0,0058;8,5;9,24;8,76;8,49;9,03;8,72;-0,46;3,08;1
EVEN3       ;2021-11-17;0,06;0,03;0,42;0,39;0,0049;6,25;6,59;6,25;6,13;6,49;6,31;0,96;3,84;1
EZTC3       ;2021-11-17;-0,1;0,06;0,38;0,26;0,0059;19,23;21,06;19,32;18,43;20,03;19,22;-0,52;3,67;1
FESA4       ;2021-11-17;-0,08;0,04;0,58;0,71;0,0165;46,25;49,25;47,44;46,14;48,63;47,36;-0,17;2,51;1
FLRY3       ;2021-11-17;-0,04;0,06;0,5;0,43;0,0129;19,9;20,88;20,0;19,57;20,45;19,96;-0,2;2,25;1
FRAS3       ;2021-11-17;-0,05;0,03;0,42;0,4;0,005;13,61;14,48;13,93;13,51;14,25;13,88;-0,36;2,3;1
GFSA3       ;2021-11-17;0,02;0,05;0,4;0,4;0,008;2,11;2,32;2,13;2,06;2,23;2,15;0,94;4,69;1
GGBR3       ;2021-11-17;0,01;0,03;0,58;0,52;0,009000000000000001;20,25;21,16;20,57;20,13;20,96;20,58;0,05;1,9;1
GGBR4       ;2021-11-17;0,01;0,05;0,52;0,54;0,013999999999999999;25,08;25,67;25,44;25,02;25,87;25,450000000000006;0,04;1,69;1
GGPS3       ;2021-11-17;0,04;0,09;0,57;1,0;0,0513;16,57;17,01;16,63;16,330000000000002;17,09;16,669999999999998;0,24;2,77;1
GMAT3       ;2021-11-17;0,1;0,09;0,56;0,67;0,0338;6,83;7,25;6,85;6,79;7,04;6,949999999999998;1,46;2,77;1
GNDI3       ;2021-11-17;-0,27;0,03;0,56;0,64;0,0108;70,2;73,66;71,43;69,37;72,6;71,16000000000003;-0,38;1,64;1
GOAU3       ;2021-11-17;0,01;0,08;0,52;0,48;0,02;9,35;9,63;9,45;9,27;9,6;9,46;0,11;1,59;1
GOAU4       ;2021-11-17;0,03;0,06;0,57;0,55;0,0188;10,46;10,72;10,6;10,44;10,79;10,63;0,28;1,79;1
GOLL4       ;2021-11-17;0,01;0,06;0,6;0,62;0,0223;16,73;17,8;16,87;16,38;17,38;16,880000000000006;0,06;3,02;1
GRND3       ;2021-11-17;-0,03;0,07;0,56;0,45;0,0176;8,74;9,22;8,79;8,59;8,92;8,76;-0,34;1,48;1
GUAR3       ;2021-11-17;0,08;0,07;0,46;0,5;0,0161;11,46;12,37;11,46;11,13;11,87;11,54;0,7;3,58;1
HAPV3       ;2021-11-17;0,14;0,01;0,48;0,4;0,0019;12,66;13,33;12,86;12,62;13,29;13,0;1,09;3,34;1
HBOR3       ;2021-11-17;0,06;0,03;0,46;0,5;0,0069;4,77;5,26;4,77;4,64;4,98;4,829999999999999;1,26;4,4;1
HBSA3       ;2021-11-17;-0,02;0,03;0,44;0,0;0,0;2,87;3,16;2,94;2,79;3,03;2,92;-0,68;3,06;1
HGTX3       ;2021-11-17;0,12;0,02;0,5;0,5;0,005;37,5;38,89;37,5;37,1;38,12;37,62;0,32;1,65;1
HYPE3       ;2021-11-17;0,39;0,09;0,5;0,43;0,0194;28,96;29,74;29,05;28,9;29,81;29,44;1,34;2,62;1
IDNT3       ;2021-11-17;0,04;0,1;0,53;0,5;0,0265;6,1;6,4;6,33;6,1099999999999985;6,6000000000000005;6,37;0,63;4,27;1
IFCM3       ;2021-11-17;-0,47;0,15;0,36;0,0;0,0;14,05;15,6;14,57;13,55;14,58;14,1;-3,23;0,07;1
IGTA3       ;2021-11-17;-0,15;0,07;0,5;0,73;0,0256;32,69;34,6;33,08;32,04;33,730000000000004;32,93;-0,45;1,96;1
INTB3       ;2021-11-17;-0,02;0,14;0,5;0,75;0,0525;28,94;30,2;29,15;28,55;29,59;29,13;-0,07;1,51;1
IRBR3       ;2021-11-17;-0,01;0,18;0,46;0,43;0,0356;4,56;4,76;4,56;4,44;4,7;4,55;-0,22;3,07;1
ITSA3       ;2021-11-17;0,03;0,05;0,56;0,64;0,0179;10,04;10,31;10,11;10,0;10,3;10,14;0,3;1,88;1
ITSA4       ;2021-11-17;0,02;0,12;0,44;0,44;0,0232;10,0;10,3;10,04;9,92;10,21;10,06;0,2;1,69;1
ITUB3       ;2021-11-17;0,1;0,09;0,38;0,44;0,015;20,35;21,07;20,65;20,360000000000007;21,15;20,75;0,48;2,42;1
ITUB4       ;2021-11-17;0,14;0,07;0,54;0,48;0,0181;22,56;23,41;22,76;22,46;23,35;22,9;0,62;2,59;1
JALL3       ;2021-11-17;-0,03;0,05;0,69;0,62;0,0214;9,58;10,28;10,05;9,77;10,34;10,02;-0,3;2,89;1
JBDU3       ;2021-11-17;-0,36;0,17;0,5;0,42;0,0357;2,8;3,23;3,12;2,59;3,1;2,76;-11,54;-0,64;0
JBDU4       ;2021-11-17;0,05;0,15;0,42;0,34;0,0214;1,27;1,46;1,36;1,29;1,54;1,41;3,68;13,24;1
JBSS3       ;2021-11-17;-0,27;0,05;0,51;0,5;0,0128;37,25;38,59;37,99;37,14;38,45;37,72;-0,71;1,21;1
JHSF3       ;2021-11-17;0,01;0,04;0,48;0,52;0,01;5,15;5,53;5,18;4,98;5,3500000000000005;5,19;0,19;3,28;1
JPSA3       ;2021-11-17;0,2;0,06;0,56;0,73;0,0245;28,15;30,2;28,15;27,23;28,79;28,35;0,71;2,27;1
JSLG3       ;2021-11-17;0,0;0,02;0,6;0,52;0,0062;7,1;7,84;7,13;6,8;7,42;7,13;0,0;4,07;1
KEPL3       ;2021-11-17;0,19;0,08;0,44;0,57;0,0201;33,69;34,41;33,89;33,44;34,529999999999994;34,08;0,56;1,89;1
KLBN4       ;2021-11-17;0,01;0,04;0,56;0,66;0,0148;4,29;4,38;4,3;4,25;4,38;4,31;0,23;1,86;1
LAME3       ;2021-11-17;0,1;0,03;0,54;0,52;0,0084;5,96;6,7;5,99;5,73;6,34;6,09;1,67;5,84;1
LAME4       ;2021-11-17;0,04;0,05;0,62;0,56;0,0174;5,89;6,73;5,98;5,64;6,32;6,0200000000000005;0,67;5,69;1
LAVV3       ;2021-11-17;-0,1;0,06;0,44;0,43;0,0114;4,96;5,46;5,02;4,84;5,09;4,92;-1,99;1,39;1
LCAM3       ;2021-11-17;0,02;0,05;0,48;0,5;0,012;22,57;23,39;22,88;22,42;23,29;22,9;0,09;1,79;1
LEVE3       ;2021-11-17;-0,01;0,03;0,44;0,45;0,0059;30,32;33,68;30,55;29,61;31,67;30,54;-0,03;3,67;1
LIGT3       ;2021-11-17;0,09;0,07;0,46;0,5;0,0161;11,44;12,1;11,6;11,31;12,02;11,69;0,78;3,62;1
LINX3       ;2021-11-17;0,28;0,08;0,5;0,55;0,022000000000000002;37,33;37,66;37,4;37,36;37,88999999999999;37,68;0,75;1,31;1
LJQQ3       ;2021-11-17;-0,12;0,02;0,5;0,33;0,0033;11,64;12,57;11,64;11,32;11,95;11,52;-1,03;2,66;1
LLIS3       ;2021-11-17;0,86;0,14;0,53;0,5;0,0371;7,03;9,15;7,9;7,76;9,62;8,76;10,89;21,77;0
LOGG3       ;2021-11-17;0,07;0,07;0,56;0,52;0,0204;23,02;25,31;23,38;22,57;24,48;23,45;0,3;4,7;1
LOGN3       ;2021-11-17;-0,18;0,11;0,4;0,31;0,0136;20,74;21,4;21,2;20,68;21,41;21,02;-0,85;0,99;1
LPSB3       ;2021-11-17;0,07;0,05;0,54;0,33;0,0089;2,38;2,7;2,4;2,29;2,56;2,47;2,92;6,67;1
LREN3       ;2021-11-17;0,34;0,06;0,48;0,38;0,0109;30,85;32,73;31,21;30,49;32,37;31,55;1,09;3,72;1
LWSA3       ;2021-11-17;2,18;0,09;0,3;0,23;0,0062;16,22;19,43;16,85;17,64;19,51;19,03;12,94;15,79;1
MATD3       ;2021-11-17;0,06;0,1;0,33;0,27;0,0089;15,84;16,39;16,39;16,05;16,650000000000002;16,45;0,37;1,59;1
MBLY3       ;2021-11-17;-0,11;0,02;0,38;0,0;0,0;6,0;6,34;6,27;6,0;6,48;6,159999999999998;-1,75;3,35;1
MDIA3       ;2021-11-17;0,03;0,06;0,44;0,52;0,0137;31,13;31,82;31,25;30,88;31,7;31,28;0,1;1,44;1
MDNE3       ;2021-11-17;0,04;0,05;0,61;0,62;0,0189;5,33;5,92;5,35;5,19;5,66;5,39;0,75;5,79;1
MEAL3       ;2021-11-17;0,0;0,06;0,54;0,46;0,0149;3,03;3,25;3,06;2,95;3,16;3,06;0,0;3,27;1
MELK3       ;2021-11-17;0,04;0,11;0,62;0,57;0,0389;4,09;4,42;4,1;3,98;4,26;4,14;0,98;3,9;1
MGLU3       ;2021-11-17;0,02;0,07;0,44;0,32;0,0099;9,74;11,4;9,74;9,1;10,09;9,76;0,21;3,59;1
MILS3       ;2021-11-17;-0,01;0,04;0,58;0,59;0,0137;5,6;5,95;5,73;5,54;5,9;5,7200000000000015;-0,17;2,97;1
MOAR3       ;2021-11-17;0,61;0,2;0,5;0,71;0,071;405,0;414,99;414,99;406,95;415,97;415,6;0,15;0,24;0
MOSI3       ;2021-11-17;-0,02;0,01;0,5;0,0;0,0;9,25;10,3;9,38;8,83;9,81;9,36;-0,21;4,58;1
MOVI3       ;2021-11-17;-0,07;0,07;0,49;0,52;0,0178;16,43;17,21;16,73;16,3;17,03;16,66;-0,42;1,79;1
MRFG3       ;2021-11-17;-0,12;0,02;0,54;0,51;0,0055;25,1;26,5;25,71;24,99;26,1;25,59;-0,47;1,52;1
MRVE3       ;2021-11-17;0,04;0,03;0,52;0,45;0,006999999999999999;11,51;12,37;11,67;11,28;12,05;11,71;0,34;3,26;1
MTRE3       ;2021-11-17;0,07;0,06;0,57;0,5;0,0171;6,28;6,94;6,35;6,2200000000000015;6,61;6,42;1,1;4,09;1
MULT3       ;2021-11-17;0,05;0,04;0,48;0,44;0,0084;20,47;21,44;20,82;20,37;21,34;20,87;0,24;2,5;1
MYPK3       ;2021-11-17;-0,06;0,1;0,58;0,56;0,0325;16,32;17,08;16,52;16,1;16,83;16,46;-0,36;1,88;1
NEOE3       ;2021-11-17;-0,03;0,07;0,39;0,33;0,009000000000000001;16,24;16,9;16,84;16,47;17,06;16,81;-0,18;1,31;1
NGRD3       ;2021-11-17;-0,01;0,04;0,5;0,0;0,0;3,29;3,57;3,32;3,22;3,46;3,31;-0,3;4,22;1
NINJ3       ;2021-11-17;-0,15;0,06;0,46;0,33;0,0091;7,01;7,8;7,29;6,9;7,59;7,14;-2,06;4,12;1
NTCO3       ;2021-11-17;-1,28;0,04;0,27;0,17;0,0018;30,31;34,55;30,61;28,85;31,91;29,33;-4,18;4,25;1
ODPV3       ;2021-11-17;-0,01;0,03;0,56;0,62;0,0104;13,53;14,18;13,61;13,29;13,92;13,6;-0,07;2,28;1
OMGE3       ;2021-11-17;0,22;0,04;0,5;0,59;0,0118;28,82;31,02;29,4;28,45;30,26;29,62;0,75;2,93;1
OPCT3       ;2021-11-17;-0,0;0,04;0,5;0,33;0,0066;3,41;3,69;3,49;3,3800000000000003;3,6;3,49;0,0;3,15;1
ORVR3       ;2021-11-17;-0,01;0,07;0,5;0,4;0,013999999999999999;26,95;27,54;26,97;26,52;27,28;26,96;-0,04;1,15;1
PARD3       ;2021-11-17;0,14;0,07;0,56;0,56;0,022000000000000002;20,05;21,47;20,06;19,56;20,69;20,2;0,7;3,14;1
PCAR3       ;2021-11-17;1,4;0,72;0,52;0,3;0,1123;23,48;25,1;23,82;24,85;25,96;25,22;5,88;8,98;1
PDTC3       ;2021-11-17;0,06;0,03;0,44;0,43;0,0057;5,01;5,36;5,25;5,14;5,49;5,31;1,14;4,57;1
PETR3       ;2021-11-17;-0,25;0,07;0,44;0,48;0,0148;27,58;28,5;28,24;27,64;28,49;27,99;-0,89;0,89;1
PETR4       ;2021-11-17;-0,17;0,04;0,46;0,38;0,006999999999999999;26,63;27,56;27,27;26,73;27,57;27,1;-0,62;1,1;1
PETZ3       ;2021-11-17;0,05;0,07;0,56;0,5;0,0196;20,08;22,01;20,42;19,94;21,040000000000006;20,47;0,24;3,04;1
PFRM3       ;2021-11-17;-0,05;0,1;0,6;0,61;0,0366;5,13;5,42;5,2;4,98;5,27;5,15;-0,96;1,35;1
PGMN3       ;2021-11-17;0,11;0,03;0,44;0,5;0,0066;8,94;9,35;8,96;8,87;9,2;9,07;1,23;2,68;1
PLPL3       ;2021-11-17;-0,05;0,04;0,56;0,2;0,0045;3,29;3,5;3,39;3,27;3,47;3,3400000000000003;-1,47;2,36;1
PMAM3       ;2021-11-17;0,02;0,04;0,5;0,38;0,0076;9,29;10,33;9,37;8,92;9,83;9,39;0,21;4,91;1
PNVL3       ;2021-11-17;0,07;0,04;0,56;0,8;0,0179;13,32;13,94;13,41;13,29;13,58;13,48;0,52;1,27;1
POMO4       ;2021-11-17;-0,03;0,05;0,48;0,55;0,0132;2,7;2,86;2,74;2,64;2,79;2,7100000000000004;-1,09;1,82;1
POSI3       ;2021-11-17;0,01;0,0;0,5;0,47;0,0;8,72;9,55;9,04;8,690000000000001;9,45;9,05;0,11;4,54;1
POWE3       ;2021-11-17;0,02;0,03;0,44;0,4;0,0053;12,7;13,65;12,83;12,57;13,26;12,85;0,16;3,35;1
PRIO3       ;2021-11-17;0,47;0,02;0,54;0,5;0,0054;23,31;24,77;23,51;23,21;24,55;23,98;2,0;4,42;1
PSSA3       ;2021-11-17;-0,01;0,02;0,52;0,6;0,0062;24,25;24,82;24,55;24,18;25,05;24,54;-0,04;2,04;1
PTBL3       ;2021-11-17;0,03;0,05;0,5;0,41;0,0102;8,95;9,84;8,98;8,739999999999998;9,27;9,01;0,33;3,23;1
QUAL3       ;2021-11-17;-0,03;0,04;0,64;0,62;0,0159;18,1;19,17;18,2;17,64;18,66;18,17;-0,16;2,53;1
RADL3       ;2021-11-17;0,06;0,01;0,5;0,57;0,0028;22,51;23,18;22,97;22,700000000000006;23,44;23,03;0,26;2,05;1
RAIL3       ;2021-11-17;0,09;0,16;0,5;0,56;0,0448;16,52;16,94;16,68;16,4;17,040000000000006;16,77;0,54;2,16;1
RANI3       ;2021-11-17;-0,07;0,06;0,49;0,41;0,0121;6,3;6,9;6,54;6,31;6,74;6,47;-1,07;3,06;1
RAPT4       ;2021-11-17;0,09;0,04;0,48;0,52;0,01;10,99;11,5;10,99;10,81;11,35;11,08;0,82;3,28;1
RCSL3       ;2021-11-17;-0,07;0,11;0,51;0,62;0,0348;4,28;5,25;4,35;4,1000000000000005;4,57;4,2799999999999985;-1,61;5,06;1
RCSL4       ;2021-11-17;0,0;0,06;0,46;0,47;0,013000000000000001;1,4;1,51;1,41;1,37;1,47;1,41;0,0;4,26;1
RDOR3       ;2021-11-17;0,37;0,04;0,44;0,5;0,0088;54,21;57,38;54,7;54,03;56,11;55,07;0,68;2,58;1
RECV3       ;2021-11-17;0,11;0,05;0,71;0,67;0,0238;14,98;16,04;14,98;14,74;15,56;15,09;0,73;3,87;1
RENT3       ;2021-11-17;0,24;0,02;0,58;0,54;0,0063;50,52;52,45;50,89;50,02;51,96;51,13;0,47;2,1;1
RLOG3       ;2021-11-17;-0,09;0,07;0,7;0,69;0,0338;21,92;23,22;23,08;22,65;23,05;22,99;-0,39;-0,13;1
ROMI3       ;2021-11-17;0,02;0,04;0,58;0,54;0,0125;15,23;16,8;15,35;14,81;15,89;15,37;0,13;3,52;1
RRRP3       ;2021-11-17;0,1;0,04;0,62;0,4;0,0099;30,8;33,39;31,35;30,38;32,56;31,450000000000006;0,32;3,86;1
RSID3       ;2021-11-17;-0,04;0,03;0,52;0,47;0,0073;9,3;10,17;9,46;9,11;9,76;9,420000000000002;-0,42;3,17;1
SANB4       ;2021-11-17;0,01;0,07;0,62;0,65;0,0282;17,96;18,53;18,11;17,82;18,48;18,12;0,06;2,04;1
SAPR3       ;2021-11-17;0,0;0,15;0,44;0,47;0,031;3,77;3,91;3,81;3,76;3,89;3,81;0,0;2,1;1
SAPR4       ;2021-11-17;-0,01;0,08;0,56;0,5;0,0224;3,79;3,92;3,83;3,79;3,88;3,82;-0,26;1,31;1
SBFG3       ;2021-11-17;0,28;0,11;0,31;0,17;0,0058;24,49;27,58;25,1;24,56;25,96;25,380000000000006;1,12;3,43;1
SBSP3       ;2021-11-17;0,12;0,06;0,44;0,38;0,01;34,9;36,15;35,29;34,72;35,98;35,41;0,34;1,96;1
SEER3       ;2021-11-17;-0,03;0,03;0,5;0,6;0,009000000000000001;10,19;11,03;10,32;9,94;10,63;10,29;-0,29;3,0;1
SEQL3       ;2021-11-17;-0,18;0,05;0,56;0,67;0,0188;12,06;13,3;12,22;11,58;12,68;12,04;-1,47;3,76;1
SHOW3       ;2021-11-17;0,02;0,05;0,46;0,42;0,0097;3,81;4,1;3,81;3,7;3,94;3,83;0,52;3,41;1
SHUL4       ;2021-11-17;0,07;0,02;0,62;0,57;0,0071;8,6;9,06;8,87;8,69;9,14;8,94;0,79;3,04;1
SIMH3       ;2021-11-17;-0,34;0,1;0,5;0,57;0,0285;11,06;12,23;11,54;10,68;11,54;11,2;-2,95;0,0;1
SLCE3       ;2021-11-17;0,22;0,03;0,58;0,56;0,0097;43,23;45,98;43,56;42,83;44,78;43,78;0,51;2,8;1
SMLS3       ;2021-11-17;-0,07;0,07;0,56;0,52;0,0204;22,29;22,81;22,4;21,99;22,65;22,33;-0,31;1,12;1
SMTO3       ;2021-11-17;-0,53;0,05;0,5;0,52;0,013000000000000001;37,54;39,81;38,67;37,1;39,02;38,14;-1,37;0,91;1
SOJA3       ;2021-11-17;-0,11;0,1;0,64;0,8;0,0512;14,11;14,7;14,69;14,32;14,84;14,58;-0,75;1,02;1
SOMA3       ;2021-11-17;0,02;0,05;0,44;0,42;0,0092;14,47;15,43;14,59;14,14;14,89;14,61;0,14;2,06;1
SQIA3       ;2021-11-17;-0,05;0,05;0,53;0,37;0,0098;16,69;18,7;17,23;16,310000000000002;17,97;17,18;-0,29;4,29;1
STBP3       ;2021-11-17;-0,03;0,04;0,54;0,59;0,0127;5,81;6,13;5,9;5,72;6,02;5,87;-0,51;2,03;1
SUZB3       ;2021-11-17;-0,03;0,02;0,5;0,56;0,0056;51,53;53,36;53,17;52,25;54,19;53,14;-0,06;1,92;1
TAEE4       ;2021-11-17;0,0;0,02;0,46;0,44;0,004;11,84;12,22;11,92;11,73;12,06;11,92;0,0;1,17;1
TASA3       ;2021-11-17;0,09;0,03;0,41;0,41;0,005;21,56;23,56;21,91;21,23;22,61;22,0;0,41;3,19;1
TASA4       ;2021-11-17;-0,07;0,06;0,61;0,67;0,0245;21,64;23,02;21,76;21,1;22,23;21,69;-0,32;2,16;1
TCSA3       ;2021-11-17;-0,02;0,02;0,52;0,35;0,0036;3,75;4,08;3,81;3,67;3,91;3,79;-0,52;2,62;1
TECN3       ;2021-11-17;-0,03;0,01;0,54;0,55;0,003;2,9;3,2;2,9;2,78;3,01;2,87;-1,03;3,79;1
TEND3       ;2021-11-17;0,05;0,05;0,5;0,26;0,0065;17,78;18,86;17,88;17,37;18,34;17,93;0,28;2,57;1
TESA3       ;2021-11-17;0,09;0,05;0,57;0,48;0,0137;47,39;49,25;48,0;46,98;48,82;48,09;0,19;1,71;1
TFCO4       ;2021-11-17;-0,18;0,05;0,44;0,57;0,0125;12,28;13,59;12,74;12,25;13,06;12,56;-1,41;2,51;1
TGMA3       ;2021-11-17;-0,01;0,04;0,44;0,36;0,0063;15,36;16,38;15,36;14,83;15,94;15,35;-0,07;3,78;1
TIET4       ;2021-11-17;-0,01;0,02;0,5;0,48;0,0048;3,44;3,51;3,51;3,46;3,54;3,5;-0,28;0,85;1
TIMP3       ;2021-11-17;0,02;0,14;0,43;0,43;0,0259;13,27;13,8;13,46;13,18;13,71;13,48;0,15;1,86;1
TIMS3       ;2021-11-17;-0,13;0,11;0,5;0,64;0,0352;12,86;13,1;12,95;12,73;13,0;12,82;-1,0;0,39;1
TOTS3       ;2021-11-17;-0,04;0,02;0,56;0,56;0,0063;34,38;35,87;34,77;33,88;35,39;34,730000000000004;-0,12;1,78;1
TPIS3       ;2021-11-17;0,04;0,16;0,5;0,39;0,0312;2,0;2,17;2,05;1,98;2,17;2,09;1,95;5,85;1
TRIS3       ;2021-11-17;-0,01;0,01;0,46;0,39;0,0018;5,72;6,18;5,72;5,449999999999998;5,94;5,71;-0,17;3,85;1
TRPL4       ;2021-11-17;-0,03;0,04;0,58;0,58;0,0135;22,66;23,21;22,77;22,5;22,97;22,74;-0,13;0,88;1
TUPY3       ;2021-11-17;-0,18;0,1;0,5;0,5;0,025;20,69;22,2;20,89;20,09;21,27;20,71;-0,86;1,82;1
UGPA3       ;2021-11-17;0,13;0,08;0,45;0,35;0,0126;13,01;13,71;13,26;12,97;13,74;13,39;0,98;3,62;1
UNIP3       ;2021-11-17;-0,47;0,04;0,46;0,53;0,0098;90,02;93,27;92,89;90,65;93,41;92,42;-0,51;0,56;1
UNIP6       ;2021-11-17;1,31;0,04;0,54;0,53;0,0114;89,5;93,76;92,79;91,08;95,95;94,1;1,41;3,41;1
USIM3       ;2021-11-17;-0,01;0,03;0,5;0,44;0,0066;12,32;13,3;12,75;12,38;13,07;12,74;-0,08;2,51;1
USIM5       ;2021-11-17;0,01;0,03;0,52;0,61;0,0095;12,77;13,61;13,11;12,76;13,44;13,12;0,08;2,52;1
VALE3       ;2021-11-17;0,33;0,02;0,54;0,56;0,006;66,19;68,07;66,33;65,55;67,44;66,66;0,5;1,67;1
VAMO3       ;2021-11-17;-1,53;0,18;0,5;0,5;0,045;12,03;12,93;12,11;10,11;10,91;10,58;-12,63;-9,91;1
VIVA3       ;2021-11-17;-0,09;0,07;0,45;0,5;0,0158;27,7;29,35;27,7;27,02;28,24;27,61;-0,32;1,95;1
VIVT3       ;2021-11-17;-0,34;0,11;0,56;0,56;0,0345;48,75;49,5;49,5;48,64;49,74;49,16;-0,69;0,48;1
VIVT4       ;2021-11-17;-0,14;0,23;0,58;0,6;0,08;45,34;46,77;45,34;44,75;46,05;45,2;-0,31;1,57;1
VLID3       ;2021-11-17;0,01;0,04;0,5;0,56;0,0112;9,32;9,7;9,56;9,38;9,81;9,57;0,1;2,62;1
VULC3       ;2021-11-17;0,01;0,03;0,58;0,58;0,0101;9,78;10,14;10,04;9,89;10,2;10,05;0,1;1,59;1
VVAR3       ;2021-11-17;-0,09;0,07;0,59;0,68;0,0281;11,25;12,23;11,3;10,72;11,58;11,21;-0,8;2,48;1
WEGE3       ;2021-11-17;0,18;0,02;0,33;0,39;0,0026;35,26;36,07;35,38;34,879999999999995;35,99;35,56;0,51;1,72;1
WEST3       ;2021-11-17;-0,13;0,07;0,56;0,33;0,0129;3,45;3,79;3,48;3,26;3,6;3,35;-3,74;3,45;1
WIZS3       ;2021-11-17;-0,09;0,06;0,54;0,53;0,0172;8,44;9,02;8,83;8,53;9,08;8,74;-1,02;2,83;1
YDUQ3       ;2021-11-17;0,4;0,06;0,62;0,57;0,0212;22,25;23,99;22,48;21,97;23,44;22,88;1,78;4,27;1
